stars,name
5.0,Sushi House Manda
5.0,Sushi House Manda
5.0,Sushi House Manda
5.0,Sushi House Manda
1.0,Vicky's Mexican Restaurant
5.0,Vicky's Mexican Restaurant
5.0,Vicky's Mexican Restaurant
3.0,Vicky's Mexican Restaurant
4.0,Vicky's Mexican Restaurant
1.0,Vicky's Mexican Restaurant
3.0,Vicky's Mexican Restaurant
4.0,Vicky's Mexican Restaurant
5.0,Vicky's Mexican Restaurant
3.0,Burger King
3.0,Burger King
2.0,Burger King
4.0,Pork & Beans
3.0,Pork & Beans
4.0,Pork & Beans
2.0,Pork & Beans
5.0,Pork & Beans
2.0,Pork & Beans
4.0,Pork & Beans
2.0,Pork & Beans
5.0,Pork & Beans
2.0,Pork & Beans
2.0,Pork & Beans
2.0,Pork & Beans
2.0,Pork & Beans
4.0,Pork & Beans
2.0,Pork & Beans
4.0,Pork & Beans
2.0,Pork & Beans
2.0,Pork & Beans
1.0,Pork & Beans
4.0,Pork & Beans
4.0,Pork & Beans
2.0,Pork & Beans
2.0,Pork & Beans
3.0,Pork & Beans
2.0,Pork & Beans
3.0,Spiedini Ristorante
1.0,Spiedini Ristorante
3.0,Spiedini Ristorante
2.0,Spiedini Ristorante
1.0,Spiedini Ristorante
5.0,Spiedini Ristorante
3.0,Spiedini Ristorante
5.0,Spiedini Ristorante
3.0,Spiedini Ristorante
5.0,Spiedini Ristorante
5.0,Spiedini Ristorante
5.0,Spiedini Ristorante
3.0,Spiedini Ristorante
2.0,Spiedini Ristorante
3.0,Spiedini Ristorante
5.0,Spiedini Ristorante
5.0,Spiedini Ristorante
1.0,Spiedini Ristorante
2.0,Spiedini Ristorante
2.0,Spiedini Ristorante
5.0,Spiedini Ristorante
5.0,Spiedini Ristorante
5.0,Spiedini Ristorante
3.0,Spiedini Ristorante
4.0,Spiedini Ristorante
3.0,Spiedini Ristorante
4.0,Spiedini Ristorante
5.0,Spiedini Ristorante
2.0,Spiedini Ristorante
1.0,Spiedini Ristorante
5.0,Spiedini Ristorante
3.0,Spiedini Ristorante
5.0,Spiedini Ristorante
5.0,Spiedini Ristorante
4.0,Spiedini Ristorante
5.0,Spiedini Ristorante
1.0,Spiedini Ristorante
5.0,Spiedini Ristorante
5.0,Spiedini Ristorante
5.0,Spiedini Ristorante
5.0,Spiedini Ristorante
5.0,Spiedini Ristorante
4.0,Spiedini Ristorante
1.0,Spiedini Ristorante
3.0,Spiedini Ristorante
3.0,Spiedini Ristorante
5.0,Spiedini Ristorante
2.0,Spiedini Ristorante
2.0,Spiedini Ristorante
5.0,Spiedini Ristorante
5.0,Spiedini Ristorante
4.0,Spiedini Ristorante
2.0,Spiedini Ristorante
5.0,Spiedini Ristorante
2.0,Spiedini Ristorante
5.0,Spiedini Ristorante
3.0,Spiedini Ristorante
2.0,Spiedini Ristorante
2.0,Spiedini Ristorante
2.0,Spiedini Ristorante
3.0,Spiedini Ristorante
1.0,Spiedini Ristorante
1.0,Spiedini Ristorante
2.0,Spiedini Ristorante
4.0,Spiedini Ristorante
3.0,Thai Express @ Sahara
2.0,Thai Express @ Sahara
5.0,Thai Express @ Sahara
4.0,LTO Pizza & More
1.0,LTO Pizza & More
1.0,LTO Pizza & More
4.0,Cafe Hookah
2.0,Cafe Hookah
4.0,Cafe Hookah
5.0,Jack in the Box
1.0,Jack in the Box
1.0,Jack in the Box
1.0,Jack in the Box
5.0,Jack in the Box
5.0,Jack in the Box
3.0,Jack in the Box
3.0,La Piazza
3.0,La Piazza
5.0,La Piazza
4.0,La Piazza
5.0,La Piazza
1.0,La Piazza
2.0,La Piazza
5.0,La Piazza
4.0,La Piazza
4.0,La Piazza
4.0,La Piazza
4.0,La Piazza
3.0,La Piazza
5.0,La Piazza
5.0,La Piazza
1.0,La Piazza
5.0,La Piazza
1.0,La Piazza
3.0,La Piazza
5.0,La Piazza
3.0,La Piazza
4.0,La Piazza
2.0,La Piazza
4.0,La Piazza
1.0,La Piazza
4.0,La Piazza
4.0,La Piazza
4.0,La Piazza
5.0,La Piazza
4.0,La Piazza
3.0,La Piazza
4.0,La Piazza
1.0,La Piazza
5.0,La Piazza
4.0,La Piazza
4.0,La Piazza
4.0,La Piazza
4.0,La Piazza
5.0,La Piazza
1.0,La Piazza
2.0,La Piazza
4.0,La Piazza
1.0,La Piazza
5.0,La Piazza
5.0,La Piazza
1.0,La Piazza
4.0,La Piazza
3.0,La Piazza
4.0,La Piazza
4.0,La Piazza
1.0,Brothers Italian Bistro
1.0,Brothers Italian Bistro
1.0,Brothers Italian Bistro
1.0,Brothers Italian Bistro
5.0,Brothers Italian Bistro
1.0,Brothers Italian Bistro
1.0,Brothers Italian Bistro
5.0,Brothers Italian Bistro
3.0,Brothers Italian Bistro
1.0,Brothers Italian Bistro
4.0,Brothers Italian Bistro
1.0,Brothers Italian Bistro
1.0,Brothers Italian Bistro
4.0,Brothers Italian Bistro
5.0,Brothers Italian Bistro
1.0,Brothers Italian Bistro
4.0,Brothers Italian Bistro
5.0,Brothers Italian Bistro
4.0,Brothers Italian Bistro
1.0,Brothers Italian Bistro
4.0,Brothers Italian Bistro
1.0,Brothers Italian Bistro
4.0,Brothers Italian Bistro
4.0,Tinoco's Bistro
5.0,Tinoco's Bistro
4.0,Tinoco's Bistro
5.0,Tinoco's Bistro
5.0,Tinoco's Bistro
4.0,Tinoco's Bistro
4.0,Tinoco's Bistro
5.0,Tinoco's Bistro
5.0,Tinoco's Bistro
5.0,Antonio's
2.0,Antonio's
3.0,Antonio's
4.0,Antonio's
4.0,Antonio's
1.0,Antonio's
5.0,Antonio's
3.0,Antonio's
5.0,Antonio's
3.0,Antonio's
4.0,Antonio's
3.0,Antonio's
5.0,Antonio's
1.0,Antonio's
5.0,Antonio's
5.0,Antonio's
4.0,Antonio's
5.0,Antonio's
5.0,Antonio's
5.0,Antonio's
5.0,Antonio's
1.0,Antonio's
2.0,Antonio's
3.0,Antonio's
5.0,Antonio's
5.0,Antonio's
2.0,Antonio's
3.0,Antonio's
2.0,Antonio's
5.0,Antonio's
4.0,Antonio's
2.0,Antonio's
4.0,Antonio's
4.0,Antonio's
2.0,Antonio's
5.0,Antonio's
5.0,Antonio's
4.0,Antonio's
4.0,Antonio's
5.0,Antonio's
5.0,Antonio's
4.0,Antonio's
5.0,Antonio's
5.0,Antonio's
4.0,Antonio's
4.0,Antonio's
4.0,Antonio's
5.0,Antonio's
5.0,Teriyaki Brother
5.0,Teriyaki Brother
5.0,Teriyaki Brother
5.0,Teriyaki Brother
5.0,Teriyaki Brother
5.0,Teriyaki Brother
5.0,Burger King
2.0,Burger King
3.0,Burger King
1.0,Burger King
1.0,Burger King
3.0,Burger King
1.0,Burger King
4.0,Burger King
3.0,The Little Kitchen Cafe
4.0,The Little Kitchen Cafe
5.0,The Little Kitchen Cafe
5.0,The Little Kitchen Cafe
1.0,The Little Kitchen Cafe
4.0,The Little Kitchen Cafe
3.0,The Little Kitchen Cafe
1.0,The Little Kitchen Cafe
5.0,The Little Kitchen Cafe
3.0,The Little Kitchen Cafe
5.0,The Little Kitchen Cafe
1.0,The Little Kitchen Cafe
5.0,The Little Kitchen Cafe
2.0,The Little Kitchen Cafe
5.0,The Little Kitchen Cafe
5.0,The Little Kitchen Cafe
4.0,The Little Kitchen Cafe
5.0,The Little Kitchen Cafe
2.0,The Little Kitchen Cafe
3.0,The Little Kitchen Cafe
3.0,The Little Kitchen Cafe
1.0,The Little Kitchen Cafe
2.0,The Little Kitchen Cafe
4.0,The Little Kitchen Cafe
5.0,The Little Kitchen Cafe
4.0,The Little Kitchen Cafe
5.0,The Little Kitchen Cafe
4.0,The Little Kitchen Cafe
2.0,The Little Kitchen Cafe
5.0,The Little Kitchen Cafe
5.0,The Little Kitchen Cafe
5.0,The Little Kitchen Cafe
4.0,The Little Kitchen Cafe
1.0,The Little Kitchen Cafe
5.0,The Little Kitchen Cafe
5.0,The Little Kitchen Cafe
1.0,The Little Kitchen Cafe
5.0,The Little Kitchen Cafe
1.0,The Little Kitchen Cafe
5.0,The Little Kitchen Cafe
3.0,The Little Kitchen Cafe
4.0,The Little Kitchen Cafe
5.0,The Little Kitchen Cafe
1.0,The Little Kitchen Cafe
2.0,The Little Kitchen Cafe
2.0,The Little Kitchen Cafe
2.0,The Little Kitchen Cafe
4.0,The Little Kitchen Cafe
1.0,The Little Kitchen Cafe
5.0,The Little Kitchen Cafe
5.0,The Little Kitchen Cafe
4.0,The Little Kitchen Cafe
1.0,The Little Kitchen Cafe
1.0,The Little Kitchen Cafe
5.0,The Little Kitchen Cafe
3.0,The Little Kitchen Cafe
4.0,The Little Kitchen Cafe
5.0,The Little Kitchen Cafe
3.0,The Little Kitchen Cafe
4.0,The Little Kitchen Cafe
5.0,The Little Kitchen Cafe
1.0,The Little Kitchen Cafe
2.0,The Little Kitchen Cafe
2.0,The Little Kitchen Cafe
4.0,The Little Kitchen Cafe
5.0,The Little Kitchen Cafe
4.0,The Little Kitchen Cafe
1.0,The Little Kitchen Cafe
2.0,The Little Kitchen Cafe
4.0,The Little Kitchen Cafe
3.0,The Little Kitchen Cafe
5.0,The Little Kitchen Cafe
4.0,The Little Kitchen Cafe
4.0,The Little Kitchen Cafe
5.0,The Little Kitchen Cafe
5.0,The Little Kitchen Cafe
2.0,The Little Kitchen Cafe
2.0,The Little Kitchen Cafe
3.0,The Little Kitchen Cafe
3.0,The Little Kitchen Cafe
5.0,The Little Kitchen Cafe
5.0,The Little Kitchen Cafe
2.0,The Little Kitchen Cafe
3.0,The Little Kitchen Cafe
2.0,The Little Kitchen Cafe
2.0,The Little Kitchen Cafe
2.0,Subway
1.0,Subway
5.0,Subway
2.0,Subway
1.0,Subway
5.0,Subway
1.0,Subway
1.0,Subway
1.0,Subway
1.0,McDonald's
1.0,McDonald's
1.0,McDonald's
1.0,McDonald's
1.0,McDonald's
1.0,McDonald's
4.0,McDonald's
1.0,McDonald's
1.0,McDonald's
4.0,McDonald's
1.0,McDonald's
1.0,McDonald's
3.0,McDonald's
1.0,McDonald's
1.0,McDonald's
1.0,McDonald's
1.0,McDonald's
1.0,McDonald's
3.0,McDonald's
1.0,McDonald's
5.0,McDonald's
5.0,Tasty BBQ Kitchen
4.0,Tasty BBQ Kitchen
1.0,Tasty BBQ Kitchen
5.0,Tasty BBQ Kitchen
1.0,Tasty BBQ Kitchen
2.0,Tasty BBQ Kitchen
3.0,Tasty BBQ Kitchen
5.0,Tasty BBQ Kitchen
5.0,Tasty BBQ Kitchen
3.0,Tasty BBQ Kitchen
5.0,Tasty BBQ Kitchen
5.0,Tasty BBQ Kitchen
5.0,Tasty BBQ Kitchen
4.0,Tasty BBQ Kitchen
5.0,Tasty BBQ Kitchen
5.0,Tasty BBQ Kitchen
2.0,Tasty BBQ Kitchen
5.0,Tasty BBQ Kitchen
5.0,Tasty BBQ Kitchen
4.0,Thai Vegas
5.0,Thai Vegas
1.0,Thai Vegas
3.0,Thai Vegas
4.0,Thai Vegas
3.0,Thai Vegas
4.0,Thai Vegas
3.0,Thai Vegas
4.0,Thai Vegas
5.0,Thai Vegas
5.0,Thai Vegas
4.0,Thai Vegas
4.0,Thai Vegas
3.0,Thai Vegas
1.0,Thai Vegas
3.0,Thai Vegas
2.0,Thai Vegas
5.0,Thai Vegas
2.0,Thai Vegas
4.0,Thai Vegas
1.0,Thai Vegas
5.0,Thai Vegas
3.0,Thai Vegas
4.0,Jr's Place
5.0,Jr's Place
1.0,Jr's Place
3.0,Jr's Place
4.0,Jr's Place
5.0,Jr's Place
5.0,Jr's Place
3.0,Jr's Place
1.0,Jr's Place
5.0,Jr's Place
4.0,Jr's Place
5.0,Jr's Place
4.0,Jr's Place
4.0,Jose' Ole' Mexican Grill
3.0,Jose' Ole' Mexican Grill
5.0,Jose' Ole' Mexican Grill
5.0,Jose' Ole' Mexican Grill
5.0,Jose' Ole' Mexican Grill
5.0,Jose' Ole' Mexican Grill
5.0,Jose' Ole' Mexican Grill
4.0,Jose' Ole' Mexican Grill
5.0,Jose' Ole' Mexican Grill
4.0,Jose' Ole' Mexican Grill
5.0,Jose' Ole' Mexican Grill
5.0,Jose' Ole' Mexican Grill
2.0,Jose' Ole' Mexican Grill
2.0,Red Shrimp Company
4.0,Red Shrimp Company
1.0,Red Shrimp Company
5.0,Red Shrimp Company
1.0,Red Shrimp Company
3.0,Red Shrimp Company
5.0,Red Shrimp Company
1.0,Red Shrimp Company
4.0,Red Shrimp Company
2.0,Red Shrimp Company
1.0,Red Shrimp Company
2.0,Red Shrimp Company
4.0,Red Shrimp Company
1.0,Red Shrimp Company
1.0,Red Shrimp Company
4.0,Red Shrimp Company
3.0,Red Shrimp Company
1.0,Red Shrimp Company
3.0,Red Shrimp Company
5.0,Red Shrimp Company
2.0,Red Shrimp Company
4.0,Red Shrimp Company
1.0,Red Shrimp Company
3.0,Red Shrimp Company
3.0,Red Shrimp Company
5.0,Red Shrimp Company
4.0,Red Shrimp Company
1.0,Red Shrimp Company
3.0,Red Shrimp Company
3.0,Red Shrimp Company
3.0,Red Shrimp Company
1.0,Red Shrimp Company
4.0,Red Shrimp Company
2.0,Red Shrimp Company
3.0,Red Shrimp Company
4.0,Red Shrimp Company
4.0,Red Shrimp Company
3.0,Red Shrimp Company
3.0,Red Shrimp Company
1.0,Red Shrimp Company
2.0,Red Shrimp Company
4.0,Red Shrimp Company
3.0,Red Shrimp Company
3.0,Red Shrimp Company
4.0,Red Shrimp Company
3.0,Red Shrimp Company
5.0,Red Shrimp Company
5.0,Red Shrimp Company
1.0,Red Shrimp Company
5.0,Red Shrimp Company
4.0,Red Shrimp Company
5.0,Red Shrimp Company
1.0,Red Shrimp Company
3.0,Red Shrimp Company
3.0,Roberto's Taco Shop
1.0,Roberto's Taco Shop
2.0,Roberto's Taco Shop
1.0,Roberto's Taco Shop
2.0,Roberto's Taco Shop
3.0,Roberto's Taco Shop
4.0,Roberto's Taco Shop
1.0,Roberto's Taco Shop
1.0,Roberto's Taco Shop
1.0,Roberto's Taco Shop
3.0,Roberto's Taco Shop
1.0,Roberto's Taco Shop
5.0,Roberto's Taco Shop
1.0,Roberto's Taco Shop
2.0,Roberto's Taco Shop
3.0,Roberto's Taco Shop
5.0,Roberto's Taco Shop
5.0,Roberto's Taco Shop
3.0,Roberto's Taco Shop
2.0,Roberto's Taco Shop
3.0,Roberto's Taco Shop
4.0,Roberto's Taco Shop
4.0,Roberto's Taco Shop
4.0,Roberto's Taco Shop
1.0,Roberto's Taco Shop
1.0,Roberto's Taco Shop
4.0,Roberto's Taco Shop
3.0,BaBa's Chinese Kitchen
5.0,BaBa's Chinese Kitchen
5.0,BaBa's Chinese Kitchen
2.0,BaBa's Chinese Kitchen
1.0,BaBa's Chinese Kitchen
4.0,Chopstix
1.0,Chopstix
5.0,Chopstix
5.0,Chopstix
2.0,Chopstix
2.0,Chopstix
5.0,Chopstix
5.0,Chopstix
4.0,Chopstix
2.0,Chopstix
5.0,Chopstix
1.0,Chopstix
4.0,Chopstix
5.0,Chopstix
4.0,Chopstix
5.0,Chopstix
3.0,Chopstix
3.0,Chopstix
3.0,Chopstix
5.0,Chopstix
5.0,Chopstix
3.0,Chopstix
3.0,Chopstix
3.0,Chopstix
5.0,Chopstix
4.0,Chopstix
2.0,Chopstix
4.0,Chopstix
4.0,Chopstix
4.0,Chopstix
4.0,Chopstix
4.0,Chopstix
1.0,Chopstix
5.0,Chopstix
4.0,Chopstix
5.0,Chopstix
1.0,Chopstix
5.0,Chopstix
5.0,Chopstix
1.0,Chopstix
4.0,Chopstix
4.0,Chopstix
5.0,Chopstix
2.0,Chopstix
1.0,Chopstix
1.0,Chopstix
3.0,Chopstix
1.0,Chopstix
1.0,Chopstix
4.0,Chopstix
3.0,Chopstix
5.0,Chopstix
5.0,Chopstix
4.0,Chopstix
5.0,Chopstix
3.0,Chopstix
4.0,Chopstix
5.0,Chopstix
4.0,Chopstix
4.0,Chopstix
3.0,Chopstix
5.0,Chopstix
4.0,Chopstix
5.0,Chopstix
4.0,Chopstix
4.0,Chopstix
5.0,Chopstix
5.0,Chopstix
4.0,Chopstix
5.0,Chopstix
3.0,Chopstix
5.0,Chopstix
4.0,Chopstix
5.0,Chopstix
5.0,Chopstix
5.0,Chopstix
2.0,Chopstix
5.0,Chopstix
4.0,Chopstix
4.0,Chopstix
2.0,Chopstix
3.0,Rico's Restaurant
2.0,Rico's Restaurant
5.0,Rico's Restaurant
5.0,Rico's Restaurant
3.0,Rico's Restaurant
4.0,Rico's Restaurant
5.0,Rico's Restaurant
4.0,Rico's Restaurant
4.0,Rico's Restaurant
5.0,Rico's Restaurant
5.0,Rico's Restaurant
4.0,Rico's Restaurant
3.0,Rico's Restaurant
3.0,Rico's Restaurant
4.0,Rico's Restaurant
5.0,Rico's Restaurant
4.0,Rico's Restaurant
5.0,Rico's Restaurant
4.0,Rico's Restaurant
4.0,Rico's Restaurant
3.0,Rico's Restaurant
4.0,Rico's Restaurant
5.0,Rico's Restaurant
5.0,Rico's Restaurant
5.0,Rico's Restaurant
2.0,Rico's Restaurant
5.0,Rico's Restaurant
3.0,Rico's Restaurant
5.0,Rico's Restaurant
4.0,Rico's Restaurant
4.0,Rico's Restaurant
4.0,Rico's Restaurant
5.0,Rico's Restaurant
5.0,Antojos la Güera Mexican Grill
5.0,Antojos la Güera Mexican Grill
2.0,Antojos la Güera Mexican Grill
5.0,Antojos la Güera Mexican Grill
5.0,Antojos la Güera Mexican Grill
5.0,Antojos la Güera Mexican Grill
1.0,Great Wall of China
1.0,Great Wall of China
4.0,Great Wall of China
1.0,Great Wall of China
3.0,Great Wall of China
5.0,Great Wall of China
1.0,Great Wall of China
1.0,Great Wall of China
5.0,Great Wall of China
2.0,Great Wall of China
5.0,Siam Garden
5.0,Siam Garden
5.0,Siam Garden
3.0,Siam Garden
5.0,Siam Garden
5.0,Siam Garden
5.0,Siam Garden
4.0,Siam Garden
5.0,Siam Garden
5.0,Siam Garden
5.0,Siam Garden
5.0,Siam Garden
3.0,Siam Garden
4.0,Siam Garden
5.0,Siam Garden
5.0,Siam Garden
5.0,Siam Garden
3.0,Siam Garden
5.0,Siam Garden
4.0,Siam Garden
3.0,Siam Garden
5.0,Siam Garden
4.0,Siam Garden
4.0,Siam Garden
5.0,Siam Garden
5.0,Siam Garden
4.0,Siam Garden
5.0,Siam Garden
3.0,Siam Garden
5.0,Siam Garden
5.0,Siam Garden
5.0,Siam Garden
4.0,Siam Garden
5.0,Siam Garden
4.0,Siam Garden
4.0,Siam Garden
5.0,Siam Garden
5.0,Siam Garden
1.0,Siam Garden
5.0,Siam Garden
5.0,Siam Garden
5.0,Siam Garden
3.0,Siam Garden
5.0,Siam Garden
4.0,Siam Garden
4.0,Siam Garden
5.0,Siam Garden
4.0,Siam Garden
5.0,Siam Garden
5.0,Siam Garden
5.0,Siam Garden
4.0,Siam Garden
5.0,Siam Garden
4.0,Siam Garden
4.0,Siam Garden
4.0,Siam Garden
5.0,Siam Garden
4.0,Siam Garden
5.0,Siam Garden
5.0,Siam Garden
4.0,Siam Garden
3.0,Siam Garden
4.0,Siam Garden
4.0,Siam Garden
5.0,Siam Garden
5.0,Siam Garden
5.0,Siam Garden
4.0,Siam Garden
5.0,Siam Garden
4.0,Siam Garden
4.0,Siam Garden
5.0,Siam Garden
5.0,Siam Garden
3.0,Siam Garden
5.0,Siam Garden
5.0,Siam Garden
4.0,Siam Garden
5.0,Siam Garden
2.0,Siam Garden
4.0,Siam Garden
5.0,Los Molcajetes
5.0,Los Molcajetes
5.0,Los Molcajetes
4.0,Los Molcajetes
5.0,Los Molcajetes
5.0,Los Molcajetes
4.0,Los Molcajetes
4.0,Los Molcajetes
4.0,Los Molcajetes
4.0,Los Molcajetes
5.0,Los Molcajetes
4.0,Los Molcajetes
5.0,Los Molcajetes
5.0,Los Molcajetes
5.0,Los Molcajetes
5.0,Los Molcajetes
3.0,Los Molcajetes
5.0,Los Molcajetes
5.0,Los Molcajetes
3.0,Los Molcajetes
5.0,Los Molcajetes
5.0,Los Molcajetes
4.0,Los Molcajetes
5.0,Los Molcajetes
5.0,Los Molcajetes
5.0,Los Molcajetes
5.0,Los Molcajetes
5.0,Los Molcajetes
5.0,Los Molcajetes
5.0,Los Molcajetes
4.0,Los Molcajetes
5.0,Los Molcajetes
5.0,Los Molcajetes
5.0,Los Molcajetes
4.0,Los Molcajetes
4.0,Los Molcajetes
5.0,Los Molcajetes
5.0,Los Molcajetes
5.0,Los Molcajetes
5.0,Los Molcajetes
5.0,Los Molcajetes
5.0,Los Molcajetes
4.0,Los Molcajetes
4.0,Los Molcajetes
5.0,Los Molcajetes
5.0,Los Molcajetes
5.0,Los Molcajetes
3.0,Los Molcajetes
5.0,Los Molcajetes
4.0,Los Molcajetes
5.0,Los Molcajetes
5.0,Los Molcajetes
4.0,Los Molcajetes
5.0,Los Molcajetes
4.0,Los Molcajetes
5.0,Los Molcajetes
4.0,Los Molcajetes
5.0,Los Molcajetes
1.0,Los Molcajetes
2.0,Los Molcajetes
4.0,Los Molcajetes
2.0,Los Molcajetes
3.0,Los Molcajetes
4.0,Los Molcajetes
5.0,Los Molcajetes
5.0,Los Molcajetes
5.0,Los Molcajetes
5.0,Los Molcajetes
5.0,Los Molcajetes
1.0,Los Molcajetes
5.0,Los Molcajetes
5.0,Los Molcajetes
5.0,Los Molcajetes
5.0,Los Molcajetes
5.0,Los Molcajetes
5.0,Los Molcajetes
5.0,Los Molcajetes
5.0,Los Molcajetes
5.0,Los Molcajetes
3.0,Los Molcajetes
5.0,Los Molcajetes
4.0,Los Molcajetes
5.0,Los Molcajetes
2.0,Los Molcajetes
5.0,Los Molcajetes
4.0,Los Molcajetes
3.0,Los Molcajetes
4.0,Los Molcajetes
4.0,Los Molcajetes
5.0,Los Molcajetes
5.0,Los Molcajetes
4.0,Los Molcajetes
5.0,Los Molcajetes
4.0,Los Molcajetes
4.0,Los Molcajetes
5.0,Los Molcajetes
5.0,Los Molcajetes
4.0,Don Tequila Mexican Restaurant
4.0,Don Tequila Mexican Restaurant
4.0,Don Tequila Mexican Restaurant
2.0,Wendy's
1.0,Wendy's
3.0,Wendy's
3.0,Wendy's
3.0,Wendy's
1.0,Wendy's
1.0,Wendy's
1.0,Wendy's
1.0,Wendy's
3.0,Wendy's
1.0,Wendy's
1.0,Wendy's
1.0,Wendy's
1.0,Wendy's
2.0,Wendy's
1.0,Wendy's
1.0,Wendy's
5.0,Wendy's
1.0,Wendy's
1.0,Wendy's
2.0,Wendy's
4.0,Wendy's
5.0,Wendy's
1.0,Wendy's
3.0,Wendy's
5.0,Wendy's
1.0,Wendy's
1.0,Wendy's
2.0,Wendy's
1.0,Wendy's
1.0,Wendy's
1.0,Wendy's
2.0,Wendy's
2.0,Wendy's
3.0,Thai Taste
5.0,Thai Taste
5.0,Thai Taste
5.0,Thai Taste
4.0,Thai Taste
1.0,Thai Taste
1.0,Thai Taste
5.0,Thai Taste
1.0,Thai Taste
5.0,Thai Taste
3.0,Thai Taste
3.0,Thai Taste
4.0,Thai Taste
3.0,Thai Taste
2.0,Thai Taste
2.0,Thai Taste
4.0,Thai Taste
4.0,Thai Taste
3.0,Thai Taste
1.0,Thai Taste
4.0,Thai Taste
3.0,Thai Taste
4.0,Thai Taste
5.0,Thai Taste
5.0,Thai Taste
5.0,Thai Taste
1.0,Thai Taste
5.0,Thai Taste
4.0,Thai Taste
3.0,Thai Taste
1.0,Thai Taste
5.0,Thai Taste
5.0,Thai Taste
4.0,Thai Taste
4.0,Thai Taste
5.0,Thai Taste
5.0,Thai Taste
2.0,Thai Taste
5.0,Thai Taste
1.0,Thai Taste
1.0,Thai Taste
5.0,Thai Taste
5.0,Thai Taste
3.0,Thai Taste
1.0,Thai Taste
5.0,Thai Taste
2.0,Thai Taste
2.0,Thai Taste
5.0,Thai Taste
1.0,3 Tomatoes and A Mozzarella
5.0,3 Tomatoes and A Mozzarella
2.0,3 Tomatoes and A Mozzarella
4.0,3 Tomatoes and A Mozzarella
3.0,3 Tomatoes and A Mozzarella
2.0,3 Tomatoes and A Mozzarella
4.0,3 Tomatoes and A Mozzarella
3.0,3 Tomatoes and A Mozzarella
3.0,3 Tomatoes and A Mozzarella
4.0,3 Tomatoes and A Mozzarella
2.0,3 Tomatoes and A Mozzarella
2.0,3 Tomatoes and A Mozzarella
3.0,3 Tomatoes and A Mozzarella
3.0,3 Tomatoes and A Mozzarella
4.0,3 Tomatoes and A Mozzarella
1.0,3 Tomatoes and A Mozzarella
4.0,3 Tomatoes and A Mozzarella
1.0,3 Tomatoes and A Mozzarella
5.0,3 Tomatoes and A Mozzarella
3.0,3 Tomatoes and A Mozzarella
1.0,3 Tomatoes and A Mozzarella
5.0,3 Tomatoes and A Mozzarella
3.0,3 Tomatoes and A Mozzarella
3.0,3 Tomatoes and A Mozzarella
4.0,3 Tomatoes and A Mozzarella
2.0,3 Tomatoes and A Mozzarella
1.0,3 Tomatoes and A Mozzarella
3.0,3 Tomatoes and A Mozzarella
5.0,3 Tomatoes and A Mozzarella
4.0,3 Tomatoes and A Mozzarella
5.0,3 Tomatoes and A Mozzarella
5.0,3 Tomatoes and A Mozzarella
3.0,3 Tomatoes and A Mozzarella
5.0,3 Tomatoes and A Mozzarella
5.0,3 Tomatoes and A Mozzarella
3.0,3 Tomatoes and A Mozzarella
1.0,3 Tomatoes and A Mozzarella
4.0,3 Tomatoes and A Mozzarella
2.0,3 Tomatoes and A Mozzarella
1.0,3 Tomatoes and A Mozzarella
5.0,3 Tomatoes and A Mozzarella
3.0,3 Tomatoes and A Mozzarella
4.0,3 Tomatoes and A Mozzarella
2.0,3 Tomatoes and A Mozzarella
3.0,3 Tomatoes and A Mozzarella
4.0,3 Tomatoes and A Mozzarella
3.0,3 Tomatoes and A Mozzarella
3.0,3 Tomatoes and A Mozzarella
5.0,3 Tomatoes and A Mozzarella
4.0,3 Tomatoes and A Mozzarella
4.0,3 Tomatoes and A Mozzarella
4.0,3 Tomatoes and A Mozzarella
2.0,3 Tomatoes and A Mozzarella
2.0,3 Tomatoes and A Mozzarella
4.0,Lilly's Thai & Vietnamese Restaurant
5.0,Lilly's Thai & Vietnamese Restaurant
3.0,Lilly's Thai & Vietnamese Restaurant
3.0,Lilly's Thai & Vietnamese Restaurant
1.0,Lilly's Thai & Vietnamese Restaurant
5.0,Lilly's Thai & Vietnamese Restaurant
5.0,Lilly's Thai & Vietnamese Restaurant
3.0,Lilly's Thai & Vietnamese Restaurant
3.0,Lilly's Thai & Vietnamese Restaurant
2.0,Lilly's Thai & Vietnamese Restaurant
4.0,Lilly's Thai & Vietnamese Restaurant
2.0,Lilly's Thai & Vietnamese Restaurant
4.0,Lilly's Thai & Vietnamese Restaurant
4.0,Lilly's Thai & Vietnamese Restaurant
1.0,Lilly's Thai & Vietnamese Restaurant
5.0,Lilly's Thai & Vietnamese Restaurant
4.0,Lilly's Thai & Vietnamese Restaurant
5.0,Lilly's Thai & Vietnamese Restaurant
3.0,Lilly's Thai & Vietnamese Restaurant
1.0,Lilly's Thai & Vietnamese Restaurant
4.0,Lilly's Thai & Vietnamese Restaurant
1.0,Lilly's Thai & Vietnamese Restaurant
5.0,Lilly's Thai & Vietnamese Restaurant
1.0,Lilly's Thai & Vietnamese Restaurant
2.0,Lilly's Thai & Vietnamese Restaurant
5.0,Lilly's Thai & Vietnamese Restaurant
1.0,Lilly's Thai & Vietnamese Restaurant
2.0,Lilly's Thai & Vietnamese Restaurant
5.0,Lilly's Thai & Vietnamese Restaurant
2.0,Lilly's Thai & Vietnamese Restaurant
4.0,Lilly's Thai & Vietnamese Restaurant
2.0,Lilly's Thai & Vietnamese Restaurant
5.0,Lilly's Thai & Vietnamese Restaurant
4.0,Lilly's Thai & Vietnamese Restaurant
1.0,Lilly's Thai & Vietnamese Restaurant
2.0,Lilly's Thai & Vietnamese Restaurant
5.0,Lilly's Thai & Vietnamese Restaurant
5.0,Lilly's Thai & Vietnamese Restaurant
1.0,Lilly's Thai & Vietnamese Restaurant
3.0,Lilly's Thai & Vietnamese Restaurant
4.0,Lilly's Thai & Vietnamese Restaurant
5.0,Lilly's Thai & Vietnamese Restaurant
4.0,Lilly's Thai & Vietnamese Restaurant
5.0,Lilly's Thai & Vietnamese Restaurant
4.0,Lilly's Thai & Vietnamese Restaurant
5.0,The Little Kitchen Cafe
4.0,The Little Kitchen Cafe
4.0,The Little Kitchen Cafe
3.0,The Little Kitchen Cafe
3.0,The Little Kitchen Cafe
5.0,The Little Kitchen Cafe
4.0,The Little Kitchen Cafe
2.0,The Little Kitchen Cafe
4.0,The Little Kitchen Cafe
1.0,The Little Kitchen Cafe
1.0,The Little Kitchen Cafe
2.0,The Little Kitchen Cafe
3.0,The Little Kitchen Cafe
4.0,The Little Kitchen Cafe
4.0,Panda Express
3.0,Panda Express
3.0,Panda Express
4.0,Panda Express
5.0,Panda Express
4.0,Panda Express
2.0,Panda Express
1.0,Panda Express
4.0,Panda Express
5.0,Panda Express
5.0,Panda Express
5.0,Panda Express
4.0,Panda Express
4.0,Panda Express
3.0,Rocky's
3.0,Rocky's
3.0,Rocky's
3.0,Rocky's
4.0,Rocky's
1.0,Rocky's
3.0,Rocky's
4.0,Rocky's
2.0,Rocky's
4.0,Rocky's
1.0,Rocky's
4.0,Rocky's
2.0,Rocky's
5.0,Carl's Jr.
5.0,Carl's Jr.
1.0,Carl's Jr.
5.0,Carl's Jr.
3.0,Carl's Jr.
2.0,Carl's Jr.
1.0,Carl's Jr.
2.0,Carl's Jr.
4.0,Carl's Jr.
4.0,Carl's Jr.
5.0,Carl's Jr.
5.0,Carl's Jr.
5.0,Carl's Jr.
5.0,Carl's Jr.
1.0,Carl's Jr.
5.0,Carl's Jr.
5.0,Carl's Jr.
5.0,Carl's Jr.
2.0,QDOBA Mexican Eats
3.0,QDOBA Mexican Eats
3.0,QDOBA Mexican Eats
4.0,QDOBA Mexican Eats
2.0,QDOBA Mexican Eats
5.0,QDOBA Mexican Eats
4.0,QDOBA Mexican Eats
1.0,QDOBA Mexican Eats
1.0,QDOBA Mexican Eats
1.0,QDOBA Mexican Eats
2.0,QDOBA Mexican Eats
5.0,QDOBA Mexican Eats
1.0,QDOBA Mexican Eats
2.0,QDOBA Mexican Eats
1.0,QDOBA Mexican Eats
4.0,QDOBA Mexican Eats
1.0,QDOBA Mexican Eats
2.0,QDOBA Mexican Eats
4.0,QDOBA Mexican Eats
1.0,QDOBA Mexican Eats
2.0,QDOBA Mexican Eats
4.0,Roberto's Taco Shop
5.0,Roberto's Taco Shop
5.0,Roberto's Taco Shop
4.0,Roberto's Taco Shop
4.0,Roberto's Taco Shop
5.0,Roberto's Taco Shop
4.0,Roberto's Taco Shop
5.0,Roberto's Taco Shop
5.0,Roberto's Taco Shop
5.0,Roberto's Taco Shop
3.0,Roberto's Taco Shop
5.0,Roberto's Taco Shop
3.0,Roberto's Taco Shop
4.0,Roberto's Taco Shop
5.0,Roberto's Taco Shop
4.0,Roberto's Taco Shop
1.0,Roberto's Taco Shop
2.0,Roberto's Taco Shop
5.0,Roberto's Taco Shop
1.0,Roberto's Taco Shop
5.0,Roberto's Taco Shop
4.0,Roberto's Taco Shop
4.0,Roberto's Taco Shop
1.0,Roberto's Taco Shop
1.0,Roberto's Taco Shop
4.0,Roberto's Taco Shop
5.0,Roberto's Taco Shop
4.0,Roberto's Taco Shop
3.0,Roberto's Taco Shop
5.0,Roberto's Taco Shop
5.0,Roberto's Taco Shop
5.0,Roberto's Taco Shop
5.0,Roberto's Taco Shop
1.0,Roberto's Taco Shop
1.0,Roberto's Taco Shop
1.0,Roberto's Taco Shop
4.0,Roberto's Taco Shop
4.0,Roberto's Taco Shop
5.0,Roberto's Taco Shop
3.0,Roberto's Taco Shop
5.0,Roberto's Taco Shop
5.0,Roberto's Taco Shop
4.0,Roberto's Taco Shop
4.0,Roberto's Taco Shop
5.0,Roberto's Taco Shop
4.0,Amazing Wok
5.0,Amazing Wok
4.0,Amazing Wok
2.0,Amazing Wok
5.0,Amazing Wok
4.0,Amazing Wok
3.0,Amazing Wok
5.0,Amazing Wok
4.0,Amazing Wok
5.0,Amazing Wok
5.0,Amazing Wok
4.0,Amazing Wok
1.0,Amazing Wok
5.0,Amazing Wok
5.0,Amazing Wok
5.0,Amazing Wok
3.0,Amazing Wok
5.0,Amazing Wok
5.0,Amazing Wok
3.0,Amazing Wok
4.0,Amazing Wok
5.0,Amazing Wok
1.0,Amazing Wok
3.0,Amazing Wok
5.0,Amazing Wok
5.0,Amazing Wok
5.0,Amazing Wok
5.0,Amazing Wok
5.0,Amazing Wok
5.0,Amazing Wok
4.0,Amazing Wok
4.0,Amazing Wok
5.0,Amazing Wok
1.0,Amazing Wok
4.0,Eddie's Pizza Haus
4.0,Eddie's Pizza Haus
3.0,Eddie's Pizza Haus
5.0,Eddie's Pizza Haus
4.0,Eddie's Pizza Haus
5.0,Eddie's Pizza Haus
3.0,Eddie's Pizza Haus
5.0,Eddie's Pizza Haus
4.0,Eddie's Pizza Haus
3.0,Carluccio's Tivoli Gardens
5.0,Carluccio's Tivoli Gardens
4.0,Carluccio's Tivoli Gardens
5.0,Carluccio's Tivoli Gardens
3.0,Carluccio's Tivoli Gardens
5.0,Carluccio's Tivoli Gardens
5.0,Carluccio's Tivoli Gardens
5.0,Carluccio's Tivoli Gardens
5.0,Carluccio's Tivoli Gardens
1.0,Carluccio's Tivoli Gardens
4.0,Carluccio's Tivoli Gardens
4.0,Carluccio's Tivoli Gardens
2.0,Carluccio's Tivoli Gardens
5.0,Carluccio's Tivoli Gardens
2.0,Carluccio's Tivoli Gardens
5.0,Carluccio's Tivoli Gardens
5.0,Carluccio's Tivoli Gardens
5.0,Carluccio's Tivoli Gardens
5.0,Carluccio's Tivoli Gardens
4.0,Carluccio's Tivoli Gardens
1.0,Carluccio's Tivoli Gardens
4.0,Carluccio's Tivoli Gardens
5.0,Carluccio's Tivoli Gardens
3.0,Carluccio's Tivoli Gardens
4.0,Carluccio's Tivoli Gardens
5.0,Carluccio's Tivoli Gardens
4.0,Carluccio's Tivoli Gardens
5.0,Carluccio's Tivoli Gardens
4.0,Carluccio's Tivoli Gardens
3.0,Carluccio's Tivoli Gardens
5.0,Carluccio's Tivoli Gardens
2.0,Carluccio's Tivoli Gardens
4.0,Carluccio's Tivoli Gardens
5.0,Carluccio's Tivoli Gardens
5.0,Carluccio's Tivoli Gardens
4.0,Carluccio's Tivoli Gardens
5.0,Carluccio's Tivoli Gardens
5.0,Carluccio's Tivoli Gardens
4.0,Carluccio's Tivoli Gardens
5.0,Carluccio's Tivoli Gardens
5.0,The Green Mango Noodle Hut
4.0,The Green Mango Noodle Hut
3.0,The Green Mango Noodle Hut
5.0,The Green Mango Noodle Hut
1.0,The Green Mango Noodle Hut
4.0,The Green Mango Noodle Hut
4.0,The Green Mango Noodle Hut
4.0,The Green Mango Noodle Hut
5.0,The Green Mango Noodle Hut
4.0,The Green Mango Noodle Hut
4.0,The Green Mango Noodle Hut
4.0,The Green Mango Noodle Hut
5.0,The Green Mango Noodle Hut
4.0,The Green Mango Noodle Hut
4.0,The Green Mango Noodle Hut
4.0,The Green Mango Noodle Hut
4.0,The Green Mango Noodle Hut
5.0,The Green Mango Noodle Hut
4.0,The Green Mango Noodle Hut
3.0,The Green Mango Noodle Hut
2.0,The Green Mango Noodle Hut
5.0,The Green Mango Noodle Hut
4.0,The Green Mango Noodle Hut
4.0,The Green Mango Noodle Hut
3.0,The Green Mango Noodle Hut
4.0,The Green Mango Noodle Hut
2.0,The Green Mango Noodle Hut
5.0,The Green Mango Noodle Hut
4.0,The Green Mango Noodle Hut
5.0,The Green Mango Noodle Hut
5.0,The Green Mango Noodle Hut
4.0,The Green Mango Noodle Hut
4.0,The Green Mango Noodle Hut
4.0,The Green Mango Noodle Hut
4.0,The Green Mango Noodle Hut
4.0,The Green Mango Noodle Hut
1.0,The Green Mango Noodle Hut
4.0,The Green Mango Noodle Hut
3.0,The Green Mango Noodle Hut
3.0,The Green Mango Noodle Hut
4.0,The Green Mango Noodle Hut
3.0,The Green Mango Noodle Hut
1.0,The Green Mango Noodle Hut
1.0,The Green Mango Noodle Hut
4.0,The Green Mango Noodle Hut
5.0,The Green Mango Noodle Hut
4.0,The Green Mango Noodle Hut
5.0,The Green Mango Noodle Hut
2.0,Spaghetti Warehouse
3.0,Spaghetti Warehouse
4.0,Spaghetti Warehouse
2.0,Spaghetti Warehouse
3.0,Spaghetti Warehouse
4.0,Spaghetti Warehouse
3.0,Spaghetti Warehouse
1.0,Spaghetti Warehouse
2.0,Spaghetti Warehouse
1.0,Spaghetti Warehouse
1.0,Spaghetti Warehouse
4.0,Spaghetti Warehouse
4.0,Spaghetti Warehouse
4.0,Spaghetti Warehouse
4.0,Spaghetti Warehouse
2.0,Spaghetti Warehouse
1.0,Spaghetti Warehouse
5.0,Spaghetti Warehouse
1.0,Spaghetti Warehouse
4.0,Spaghetti Warehouse
1.0,Spaghetti Warehouse
1.0,Spaghetti Warehouse
2.0,Spaghetti Warehouse
1.0,Spaghetti Warehouse
1.0,Spaghetti Warehouse
1.0,Spaghetti Warehouse
1.0,Spaghetti Warehouse
2.0,Spaghetti Warehouse
3.0,Spaghetti Warehouse
2.0,Spaghetti Warehouse
2.0,Spaghetti Warehouse
4.0,Spaghetti Warehouse
2.0,Spaghetti Warehouse
3.0,Spaghetti Warehouse
3.0,Spaghetti Warehouse
4.0,Spaghetti Warehouse
1.0,Spaghetti Warehouse
5.0,Spaghetti Warehouse
2.0,Spaghetti Warehouse
4.0,Spaghetti Warehouse
5.0,Spaghetti Warehouse
2.0,Spaghetti Warehouse
2.0,Spaghetti Warehouse
1.0,Spaghetti Warehouse
3.0,Spaghetti Warehouse
1.0,Spaghetti Warehouse
3.0,Spaghetti Warehouse
3.0,Spaghetti Warehouse
4.0,Spaghetti Warehouse
1.0,Spaghetti Warehouse
3.0,Spaghetti Warehouse
4.0,Spaghetti Warehouse
1.0,Spaghetti Warehouse
3.0,Spaghetti Warehouse
3.0,Spaghetti Warehouse
2.0,Spaghetti Warehouse
1.0,Spaghetti Warehouse
5.0,Spaghetti Warehouse
3.0,Spaghetti Warehouse
3.0,Spaghetti Warehouse
1.0,Spaghetti Warehouse
4.0,Spaghetti Warehouse
2.0,Spaghetti Warehouse
4.0,Spaghetti Warehouse
4.0,Spaghetti Warehouse
2.0,Spaghetti Warehouse
4.0,Spaghetti Warehouse
3.0,Spaghetti Warehouse
1.0,Spaghetti Warehouse
2.0,Spaghetti Warehouse
2.0,Spaghetti Warehouse
1.0,Spaghetti Warehouse
3.0,Spaghetti Warehouse
1.0,Spaghetti Warehouse
5.0,Spaghetti Warehouse
4.0,Spaghetti Warehouse
5.0,Spaghetti Warehouse
1.0,Spaghetti Warehouse
1.0,Spaghetti Warehouse
2.0,Spaghetti Warehouse
5.0,Spaghetti Warehouse
1.0,Spaghetti Warehouse
1.0,Spaghetti Warehouse
1.0,Spaghetti Warehouse
3.0,Spaghetti Warehouse
1.0,Spaghetti Warehouse
3.0,Spaghetti Warehouse
1.0,Spaghetti Warehouse
5.0,Spaghetti Warehouse
4.0,Spaghetti Warehouse
3.0,Spaghetti Warehouse
2.0,Spaghetti Warehouse
5.0,Spaghetti Warehouse
3.0,Spaghetti Warehouse
1.0,Spaghetti Warehouse
4.0,Spaghetti Warehouse
2.0,Spaghetti Warehouse
3.0,Spaghetti Warehouse
4.0,Spaghetti Warehouse
4.0,Chan An Restaurant
2.0,Chan An Restaurant
4.0,Chan An Restaurant
4.0,Chan An Restaurant
3.0,Chan An Restaurant
4.0,Chan An Restaurant
5.0,Chan An Restaurant
3.0,Chan An Restaurant
5.0,Chan An Restaurant
5.0,Chan An Restaurant
5.0,Chan An Restaurant
4.0,Chan An Restaurant
5.0,Chan An Restaurant
5.0,Tacos Los Toritos
1.0,Tacos Los Toritos
3.0,Tacos Los Toritos
4.0,Tacos Los Toritos
4.0,Tacos Los Toritos
5.0,Tacos Los Toritos
4.0,Tacos Los Toritos
4.0,Tacos Los Toritos
5.0,Tacos Los Toritos
4.0,Tacos Los Toritos
2.0,Tacos Los Toritos
4.0,Tacos Los Toritos
2.0,Tacos Los Toritos
3.0,Tacos Los Toritos
1.0,Tacos Los Toritos
5.0,Tacos Los Toritos
5.0,Tacos Los Toritos
4.0,Tacos Los Toritos
3.0,Tacos Los Toritos
4.0,Tacos Los Toritos
4.0,Tacos Los Toritos
4.0,Tacos Los Toritos
